Date,Pedestrian,Cyclist,Cyclist_other,Month,Day,Previous,Next,MinTemp,MaxTemp,Rainfall
2021-01-01,5710.0,1738.0,265,1,Friday,,2538.0,21.7,29.4,2.4
2021-01-02,6485.0,2538.0,462,1,Saturday,1738.0,2974.0,21.5,29.9,1.8
2021-01-03,6525.0,2974.0,479,1,Sunday,2538.0,2865.0,22.2,30.1,0.0
2021-01-04,4720.0,2865.0,538,1,Monday,2974.0,3353.0,23.2,30.2,0.0
2021-01-05,4690.0,3353.0,637,1,Tuesday,2865.0,3202.0,23.4,32.8,1.0
2021-01-06,4199.0,3202.0,566,1,Wednesday,3353.0,2625.0,22.3,33.3,0.4
2021-01-07,4546.0,2625.0,457,1,Thursday,3202.0,943.0,22.1,28.2,2.8
2021-01-08,1155.0,943.0,501,1,Friday,2625.0,828.0,20.9,23.7,0.0
2021-01-09,2281.0,828.0,167,1,Saturday,943.0,1649.0,18.6,26.9,5.6
2021-01-10,3382.0,1649.0,274,1,Sunday,828.0,1638.0,19.9,27.8,0.6
2021-01-11,3619.0,1638.0,329,1,Monday,1649.0,3851.0,19.1,28.5,0.0
2021-01-12,4532.0,3851.0,769,1,Tuesday,1638.0,3947.0,18.5,30.3,0.0
2021-01-13,4482.0,3947.0,758,1,Wednesday,3851.0,3715.0,20.1,30.8,0.0
2021-01-14,4709.0,3715.0,689,1,Thursday,3947.0,3614.0,22.4,30.7,0.0
2021-01-15,4709.0,3614.0,733,1,Friday,3715.0,2170.0,20.8,31.9,0.0
2021-01-16,4292.0,2170.0,450,1,Saturday,3614.0,2557.0,23.8,35.3,0.0
2021-01-17,4086.0,2557.0,488,1,Sunday,2170.0,1228.0,22.8,29.5,31.6
2021-01-18,1563.0,1228.0,485,1,Monday,2557.0,3064.0,23.8,30.1,0.0
2021-01-19,4671.0,3064.0,582,1,Tuesday,1228.0,4197.0,19.5,32.1,35.4
2021-01-20,4386.0,4197.0,746,1,Wednesday,3064.0,3891.0,22.4,27.6,0.0
2021-01-21,4525.0,3891.0,743,1,Thursday,4197.0,3822.0,20.7,27.4,0.0
2021-01-22,4734.0,3822.0,694,1,Friday,3891.0,2808.0,18.9,29.2,0.0
2021-01-23,5376.0,2808.0,523,1,Saturday,3822.0,2894.0,20.3,29.3,0.0
2021-01-24,5667.0,2894.0,445,1,Sunday,2808.0,2572.0,18.9,30.1,0.0
2021-01-25,4362.0,2572.0,514,1,Monday,2894.0,3316.0,21.5,28.9,4.4
2021-01-26,5772.0,3316.0,615,1,Tuesday,2572.0,3845.0,19.4,30.6,0.0
2021-01-27,3919.0,3845.0,706,1,Wednesday,3316.0,3678.0,21.7,31.4,0.2
2021-01-28,4070.0,3678.0,728,1,Thursday,3845.0,4078.0,23.0,30.6,0.4
2021-01-29,4718.0,4078.0,803,1,Friday,3678.0,2949.0,23.3,30.4,0.0
2021-01-30,5273.0,2949.0,552,1,Saturday,4078.0,2884.0,21.3,30.2,0.0
2021-01-31,5213.0,2884.0,538,1,Sunday,2949.0,3795.0,23.0,30.4,0.0
2021-02-01,4166.0,3795.0,751,2,Monday,2884.0,2047.0,22.5,29.7,1.4
2021-02-02,2379.0,2047.0,316,2,Tuesday,3795.0,4104.0,21.4,25.7,19.8
2021-02-03,4184.0,4104.0,824,2,Wednesday,2047.0,4255.0,20.4,29.1,44.6
2021-02-04,4251.0,4255.0,816,2,Thursday,4104.0,3898.0,19.7,30.0,0.2
2021-02-05,4413.0,3898.0,796,2,Friday,4255.0,2791.0,21.0,29.7,0.2
2021-02-06,5903.0,2791.0,495,2,Saturday,3898.0,2771.0,21.0,31.1,0.0
2021-02-07,5365.0,2771.0,520,2,Sunday,2791.0,3855.0,23.0,35.2,0.0
2021-02-08,3949.0,3855.0,725,2,Monday,2771.0,4382.0,23.5,29.6,0.6
2021-02-09,4397.0,4382.0,847,2,Tuesday,3855.0,4486.0,21.8,29.1,0.0
2021-02-10,4137.0,4486.0,861,2,Wednesday,4382.0,4153.0,18.8,28.5,0.0
2021-02-11,4344.0,4153.0,826,2,Thursday,4486.0,3840.0,19.9,27.6,0.0
2021-02-12,4589.0,3840.0,740,2,Friday,4153.0,2617.0,20.7,30.1,0.0
2021-02-13,5590.0,2617.0,545,2,Saturday,3840.0,1775.0,21.7,30.7,0.0
2021-02-14,5449.0,1775.0,324,2,Sunday,2617.0,4064.0,21.8,30.2,1.6
2021-02-15,4179.0,4064.0,819,2,Monday,1775.0,4018.0,20.7,29.2,0.2
2021-02-16,3674.0,4018.0,824,2,Tuesday,4064.0,3889.0,20.7,28.9,0.0
2021-02-17,4072.0,3889.0,797,2,Wednesday,4018.0,2577.0,19.5,28.6,5.4
2021-02-18,3226.0,2577.0,568,2,Thursday,3889.0,2615.0,19.9,27.4,16.6
2021-02-19,3537.0,2615.0,520,2,Friday,2577.0,2553.0,20.8,29.0,12.2
2021-02-20,5591.0,2553.0,528,2,Saturday,2615.0,2816.0,22.2,29.6,0.4
2021-02-21,5176.0,2816.0,552,2,Sunday,2553.0,3958.0,22.3,33.7,1.2
2021-02-22,4153.0,3958.0,774,2,Monday,2816.0,3977.0,22.1,33.6,0.0
2021-02-23,3808.0,3977.0,764,2,Tuesday,3958.0,3649.0,23.3,32.1,8.2
2021-02-24,4445.0,3649.0,756,2,Wednesday,3977.0,3142.0,20.9,29.8,10.6
2021-02-25,3866.0,3142.0,669,2,Thursday,3649.0,3815.0,22.2,28.7,16.8
2021-02-26,4898.0,3815.0,767,2,Friday,3142.0,2508.0,22.5,31.8,0.2
2021-02-27,5255.0,2508.0,509,2,Saturday,3815.0,2390.0,23.2,30.8,0.0
2021-02-28,5342.0,2390.0,405,2,Sunday,2508.0,3813.0,24.1,31.4,4.0
2021-03-01,4546.0,3813.0,789,3,Monday,2390.0,4131.0,24.1,29.6,0.0
2021-03-02,4427.0,4131.0,799,3,Tuesday,3813.0,3560.0,22.1,33.2,0.0
2021-03-03,5256.0,3560.0,742,3,Wednesday,4131.0,3337.0,22.5,26.5,6.2
2021-03-04,5173.0,3337.0,703,3,Thursday,3560.0,3949.0,20.1,26.7,0.6
2021-03-05,5394.0,3949.0,837,3,Friday,3337.0,2842.0,18.0,30.8,0.0
2021-03-06,6052.0,2842.0,472,3,Saturday,3949.0,2466.0,20.9,28.5,0.0
2021-03-07,5713.0,2466.0,509,3,Sunday,2842.0,3654.0,21.1,28.4,0.0
2021-03-08,5336.0,3654.0,790,3,Monday,2466.0,2794.0,21.8,29.6,0.0
2021-03-09,5421.0,2794.0,654,3,Tuesday,3654.0,4467.0,21.3,30.4,25.6
2021-03-10,5820.0,4467.0,882,3,Wednesday,2794.0,3510.0,20.8,30.6,0.0
2021-03-11,5458.0,3510.0,725,3,Thursday,4467.0,3662.0,22.3,28.5,0.0
2021-03-12,5574.0,3662.0,727,3,Friday,3510.0,2398.0,20.6,28.0,0.8
2021-03-13,6048.0,2398.0,512,3,Saturday,3662.0,3076.0,21.4,29.4,0.4
2021-03-14,5129.0,3076.0,493,3,Sunday,2398.0,2609.0,21.5,30.8,0.2
2021-03-15,4045.0,2609.0,521,3,Monday,3076.0,2199.0,22.5,23.0,6.6
2021-03-16,4402.0,2199.0,490,3,Tuesday,2609.0,2021.0,19.1,25.4,12.4
2021-03-17,3976.0,2021.0,328,3,Wednesday,2199.0,3012.0,18.9,22.3,11.6
2021-03-18,5394.0,3012.0,605,3,Thursday,2021.0,1917.0,19.4,27.8,15.4
2021-03-19,4684.0,1917.0,764,3,Friday,3012.0,1032.0,20.7,28.7,0.0
2021-03-20,4515.0,1032.0,269,3,Saturday,1917.0,1364.0,21.9,28.6,20.8
2021-03-21,3622.0,1364.0,272,3,Sunday,1032.0,1571.0,22.0,28.5,1.0
2021-03-22,3636.0,1571.0,252,3,Monday,1364.0,726.0,21.1,23.2,125.0
2021-03-23,2941.0,726.0,247,3,Tuesday,1571.0,3607.0,21.4,27.8,52.6
2021-03-24,5957.0,3607.0,775,3,Wednesday,726.0,3935.0,21.4,30.9,21.4
2021-03-25,5948.0,3935.0,932,3,Thursday,3607.0,4125.0,16.7,31.1,0.0
2021-03-26,6068.0,4125.0,830,3,Friday,3935.0,3258.0,19.1,30.5,0.0
2021-03-27,5652.0,3258.0,509,3,Saturday,4125.0,479.0,20.4,29.8,0.0
2021-03-28,1108.0,479.0,525,3,Sunday,3258.0,,18.9,30.7,0.0
2021-03-29,,,690,3,Monday,479.0,,19.8,30.0,0.0
2021-03-30,,,448,3,Tuesday,,,19.9,26.3,0.0
2021-03-31,,,486,3,Wednesday,,,17.3,27.1,0.0
2021-04-01,,,440,4,Thursday,,,18.0,26.2,0.0
2021-04-02,,,476,4,Friday,,,17.9,26.6,2.8
2021-04-03,,,348,4,Saturday,,,20.5,25.4,0.0
2021-04-04,,,89,4,Sunday,,,19.6,22.5,8.4
2021-04-05,,,124,4,Monday,,,20.1,23.3,9.4
2021-04-06,,,160,4,Tuesday,,,20.9,24.3,45.4
2021-04-07,,,430,4,Wednesday,,,19.6,27.5,20.6
2021-04-08,,,772,4,Thursday,,,19.2,28.1,0.0
2021-04-09,,,720,4,Friday,,,18.3,30.6,0.0
2021-04-10,,,535,4,Saturday,,,17.7,33.0,0.0
2021-04-11,,,484,4,Sunday,,,18.3,29.2,0.0
2021-04-12,,,665,4,Monday,,,13.2,24.6,0.2
2021-04-13,,,736,4,Tuesday,,,14.7,24.9,0.0
2021-04-14,,,766,4,Wednesday,,,13.6,26.3,0.0
2021-04-15,,,805,4,Thursday,,717.0,15.0,28.4,0.0
2021-04-16,1776.0,717.0,766,4,Friday,,2798.0,17.1,30.5,0.0
2021-04-17,5768.0,2798.0,454,4,Saturday,717.0,3550.0,19.5,24.7,0.0
2021-04-18,6103.0,3550.0,541,4,Sunday,2798.0,1669.0,15.0,24.9,24.6
2021-04-19,1736.0,1669.0,762,4,Monday,3550.0,,14.4,26.5,0.2
2021-04-20,,,852,4,Tuesday,1669.0,,14.6,27.6,0.0
2021-04-21,,,891,4,Wednesday,,,14.5,30.1,0.0
2021-04-22,,,820,4,Thursday,,,12.0,22.0,0.0
2021-04-23,,,789,4,Friday,,,11.6,25.0,0.0
2021-04-24,,,463,4,Saturday,,,12.2,25.1,0.0
2021-04-25,,,490,4,Sunday,,,13.7,26.6,0.0
2021-04-26,,,483,4,Monday,,,15.0,24.8,0.0
2021-04-27,,,752,4,Tuesday,,,16.0,25.8,0.0
2021-04-28,,,791,4,Wednesday,,,15.7,24.6,0.0
2021-04-29,,,883,4,Thursday,,,15.7,25.1,0.6
2021-04-30,,,630,4,Friday,,,17.1,24.2,0.0
2021-05-01,,,230,5,Saturday,,,16.7,22.3,6.2
2021-05-02,,,304,5,Sunday,,,17.1,23.1,12.0
2021-05-03,,,521,5,Monday,,,16.6,25.5,2.4
2021-05-04,,,953,5,Tuesday,,,15.7,26.3,0.2
2021-05-05,,,529,5,Wednesday,,,15.7,18.2,17.6
2021-05-06,,,776,5,Thursday,,,12.5,23.7,18.8
2021-05-07,,,754,5,Friday,,,12.9,25.6,0.0
2021-05-08,,,528,5,Saturday,,,15.9,27.0,0.0
2021-05-09,,,432,5,Sunday,,876.0,16.7,26.6,0.0
2021-05-10,1421.0,876.0,772,5,Monday,,3418.0,16.3,28.1,0.0
2021-05-11,6101.0,3418.0,780,5,Tuesday,876.0,3111.0,15.6,27.8,0.0
2021-05-12,5274.0,3111.0,587,5,Wednesday,3418.0,1477.0,17.9,26.1,7.8
2021-05-13,1555.0,1477.0,790,5,Thursday,3111.0,,16.4,24.1,24.8
2021-05-14,,,777,5,Friday,1477.0,,13.8,24.8,0.0
2021-05-15,,,562,5,Saturday,,,11.2,24.2,0.0
2021-05-16,,,526,5,Sunday,,,11.7,22.0,0.0
2021-05-17,,,720,5,Monday,,2191.0,8.7,22.6,0.0
2021-05-18,5050.0,2191.0,751,5,Tuesday,,3746.0,11.4,23.3,0.0
2021-05-19,5519.0,3746.0,742,5,Wednesday,2191.0,3801.0,14.5,22.1,0.0
2021-05-20,5589.0,3801.0,796,5,Thursday,3746.0,3745.0,13.0,24.0,0.0
2021-05-21,6040.0,3745.0,713,5,Friday,3801.0,2285.0,12.2,23.4,0.0
2021-05-22,5432.0,2285.0,442,5,Saturday,3745.0,1960.0,14.0,24.0,0.0
2021-05-23,3599.0,1960.0,478,5,Sunday,2285.0,,14.0,24.4,0.0
2021-05-24,,,727,5,Monday,1960.0,,13.7,24.0,0.0
2021-05-25,,,783,5,Tuesday,,,14.1,23.9,0.0
2021-05-26,,,793,5,Wednesday,,,12.5,25.6,0.0
2021-05-27,,,798,5,Thursday,,,13.7,24.3,0.0
2021-05-28,,,721,5,Friday,,,11.2,21.7,0.0
2021-05-29,,,426,5,Saturday,,,11.0,21.0,0.0
2021-05-30,,,504,5,Sunday,,,11.6,21.2,0.0
2021-05-31,,,706,5,Monday,,,12.1,21.5,0.0
2021-06-01,,,760,6,Tuesday,,,11.1,23.9,0.0
2021-06-02,,,754,6,Wednesday,,,12.7,22.8,0.0
2021-06-03,,,574,6,Thursday,,,14.9,21.9,0.0
2021-06-04,,,673,6,Friday,,,12.0,22.0,4.4
2021-06-05,,,445,6,Saturday,,,11.6,22.5,0.0
2021-06-06,,,512,6,Sunday,,,9.5,21.7,0.0
2021-06-07,,,635,6,Monday,,,9.8,22.3,0.0
2021-06-08,,,741,6,Tuesday,,,10.5,21.1,0.0
2021-06-09,,,426,6,Wednesday,,,14.2,18.2,1.4
2021-06-10,,,655,6,Thursday,,558.0,9.5,19.3,0.0
2021-06-11,1051.0,558.0,680,6,Friday,,2017.0,7.3,19.6,0.0
2021-06-12,5327.0,2017.0,408,6,Saturday,558.0,3170.0,7.6,21.5,0.0
2021-06-13,5412.0,3170.0,614,6,Sunday,2017.0,2997.0,6.5,22.2,
2021-06-14,4342.0,2997.0,616,6,Monday,3170.0,2999.0,8.4,23.6,0.0
2021-06-15,3563.0,2999.0,652,6,Tuesday,2997.0,3199.0,11.7,21.9,0.0
2021-06-16,4292.0,3199.0,681,6,Wednesday,2999.0,3261.0,11.0,25.1,14.0
2021-06-17,4278.0,3261.0,701,6,Thursday,3199.0,3233.0,12.3,23.4,0.2
2021-06-18,4212.0,3233.0,681,6,Friday,3261.0,1181.0,8.2,21.3,0.0
2021-06-19,3530.0,1181.0,449,6,Saturday,3233.0,2360.0,11.7,19.4,0.0
2021-06-20,5728.0,2360.0,465,6,Sunday,1181.0,3205.0,11.1,22.8,0.0
2021-06-21,4140.0,3205.0,688,6,Monday,2360.0,3475.0,10.5,22.7,0.0
2021-06-22,4213.0,3475.0,703,6,Tuesday,3205.0,1723.0,11.2,21.8,0.0
2021-06-23,2859.0,1723.0,609,6,Wednesday,3475.0,2562.0,13.1,22.7,0.2
2021-06-24,4280.0,2562.0,649,6,Thursday,1723.0,1425.0,15.1,22.8,0.8
2021-06-25,2826.0,1425.0,310,6,Friday,2562.0,1003.0,16.4,19.7,1.4
2021-06-26,4402.0,1003.0,214,6,Saturday,1425.0,2680.0,16.0,17.5,2.2
2021-06-27,5343.0,2680.0,496,6,Sunday,1003.0,2900.0,10.7,21.7,0.0
2021-06-28,4161.0,2900.0,601,6,Monday,2680.0,2624.0,9.4,21.8,0.0
2021-06-29,3267.0,2624.0,572,6,Tuesday,2900.0,1361.0,12.2,21.4,0.0
2021-06-30,2630.0,1361.0,300,6,Wednesday,2624.0,780.0,13.1,21.1,1.8
2021-07-01,1333.0,780.0,241,7,Thursday,1361.0,,11.9,20.5,7.0
2021-07-02,,,163,7,Friday,780.0,,15.0,20.9,7.0
2021-07-03,,,122,7,Saturday,,,16.4,17.8,17.8
2021-07-04,,,568,7,Sunday,,,13.9,23.5,2.8
2021-07-05,,,578,7,Monday,,,10.4,19.8,0.0
2021-07-06,,,658,7,Tuesday,,,10.2,20.9,0.0
2021-07-07,,,563,7,Wednesday,,,8.0,22.0,0.0
2021-07-08,,,570,7,Thursday,,,10.7,19.8,0.0
2021-07-09,,,269,7,Friday,,,12.8,22.7,10.0
2021-07-10,,,427,7,Saturday,,,12.4,20.2,1.4
2021-07-11,,,448,7,Sunday,,,10.6,22.4,0.2
2021-07-12,,,616,7,Monday,,,10.7,20.7,0.0
2021-07-13,,,716,7,Tuesday,,,10.5,22.9,0.0
2021-07-14,,,730,7,Wednesday,,,12.5,22.6,0.0
2021-07-15,,,682,7,Thursday,,,14.4,24.6,0.0
2021-07-16,,,562,7,Friday,,482.0,16.7,26.1,0.2
2021-07-17,2064.0,482.0,428,7,Saturday,,2482.0,14.4,21.1,0.6
2021-07-18,5168.0,2482.0,426,7,Sunday,482.0,3042.0,10.1,20.2,0.0
2021-07-19,3942.0,3042.0,658,7,Monday,2482.0,3300.0,8.8,22.3,0.0
2021-07-20,4008.0,3300.0,691,7,Tuesday,3042.0,3242.0,6.0,19.7,0.0
2021-07-21,4324.0,3242.0,462,7,Wednesday,3300.0,3062.0,12.5,17.4,0.0
2021-07-22,3746.0,3062.0,670,7,Thursday,3242.0,2494.0,7.3,20.4,0.0
2021-07-23,3025.0,2494.0,501,7,Friday,3062.0,2110.0,9.0,20.7,0.0
2021-07-24,5665.0,2110.0,454,7,Saturday,2494.0,1915.0,13.1,22.1,4.2
2021-07-25,4752.0,1915.0,329,7,Sunday,2110.0,3247.0,14.0,21.1,0.0
2021-07-26,4521.0,3247.0,676,7,Monday,1915.0,3688.0,7.0,22.1,0.0
2021-07-27,5149.0,3688.0,794,7,Tuesday,3247.0,3613.0,6.2,23.1,0.0
2021-07-28,5069.0,3613.0,758,7,Wednesday,3688.0,3400.0,10.2,24.7,0.0
2021-07-29,4819.0,3400.0,741,7,Thursday,3613.0,3163.0,14.9,25.7,0.0
2021-07-30,4596.0,3163.0,680,7,Friday,3400.0,2107.0,9.1,21.9,0.0
2021-07-31,3627.0,2107.0,439,7,Saturday,3163.0,2194.0,9.0,22.4,0.0
2021-08-01,4286.0,2194.0,425,8,Sunday,2107.0,1729.0,10.3,25.8,0.0
2021-08-02,3124.0,1729.0,347,8,Monday,2194.0,1984.0,14.1,24.6,
2021-08-03,3305.0,1984.0,369,8,Tuesday,1729.0,1877.0,16.3,25.2,0.0
2021-08-04,3358.0,1877.0,343,8,Wednesday,1984.0,1900.0,13.1,20.2,0.0
2021-08-05,3543.0,1900.0,322,8,Thursday,1877.0,1974.0,8.6,21.1,0.0
2021-08-06,3814.0,1974.0,380,8,Friday,1900.0,2992.0,9.5,22.5,0.0
2021-08-07,5555.0,2992.0,496,8,Saturday,1974.0,3275.0,9.2,23.2,0.0
2021-08-08,5900.0,3275.0,522,8,Sunday,2992.0,1340.0,7.0,23.2,0.0
2021-08-09,2569.0,1340.0,309,8,Monday,3275.0,,14.1,21.1,1.4
2021-08-10,,,563,8,Tuesday,1340.0,,12.3,21.4,0.0
2021-08-11,,,498,8,Wednesday,,,11.4,22.4,0.2
2021-08-12,,,573,8,Thursday,,,12.4,23.9,0.0
2021-08-13,,,548,8,Friday,,,15.4,25.9,0.2
2021-08-14,,,467,8,Saturday,,,15.2,25.1,1.8
2021-08-15,,,549,8,Sunday,,,14.3,25.5,0.0
2021-08-16,,,642,8,Monday,,,13.8,26.8,0.0
2021-08-17,,,705,8,Tuesday,,,12.1,24.9,0.0
2021-08-18,,,649,8,Wednesday,,,12.8,19.2,0.0
2021-08-19,,,699,8,Thursday,,,11.2,22.5,0.0
2021-08-20,,,668,8,Friday,,,11.7,24.8,0.2
2021-08-21,,,556,8,Saturday,,,12.0,26.4,0.0
2021-08-22,,,511,8,Sunday,,259.0,12.7,25.7,0.0
2021-08-23,684.0,259.0,725,8,Monday,,2777.0,13.7,24.9,0.0
2021-08-24,4353.0,2777.0,595,8,Tuesday,259.0,3813.0,13.8,21.0,4.2
2021-08-25,5116.0,3813.0,778,8,Wednesday,2777.0,3324.0,10.0,20.8,0.4
2021-08-26,4840.0,3324.0,707,8,Thursday,3813.0,3164.0,9.6,21.9,
2021-08-27,4623.0,3164.0,701,8,Friday,3324.0,2454.0,,23.4,
2021-08-28,5147.0,2454.0,449,8,Saturday,3164.0,2561.0,8.3,24.7,0.0
2021-08-29,5363.0,2561.0,425,8,Sunday,2454.0,3357.0,10.4,24.7,0.0
2021-08-30,4967.0,3357.0,674,8,Monday,2561.0,4037.0,10.4,28.0,0.0
2021-08-31,5160.0,4037.0,770,8,Tuesday,3357.0,4095.0,14.6,25.7,0.0
2021-09-01,5046.0,4095.0,839,9,Wednesday,4037.0,3707.0,16.9,26.8,0.0
2021-09-02,4819.0,3707.0,770,9,Thursday,4095.0,3131.0,16.4,23.7,3.4
2021-09-03,4468.0,3131.0,703,9,Friday,3707.0,2537.0,15.2,24.5,0.2
2021-09-04,5955.0,2537.0,474,9,Saturday,3131.0,2175.0,14.4,24.3,2.2
2021-09-05,5225.0,2175.0,413,9,Sunday,2537.0,3033.0,15.0,24.4,0.0
2021-09-06,4223.0,3033.0,688,9,Monday,2175.0,,11.1,23.8,0.2
2021-09-07,,,795,9,Tuesday,3033.0,,10.8,24.2,0.0
2021-09-08,,,832,9,Wednesday,,,9.8,23.9,0.0
2021-09-09,,,759,9,Thursday,,,12.3,25.0,0.0
2021-09-10,,,750,9,Friday,,,12.1,30.1,0.0
2021-09-11,,,455,9,Saturday,,,12.3,25.9,0.0
2021-09-12,,,469,9,Sunday,,,12.0,26.1,0.0
2021-09-13,,,736,9,Monday,,,14.7,28.9,0.0
2021-09-14,,,769,9,Tuesday,,,14.2,22.5,0.8
2021-09-15,,,763,9,Wednesday,,,10.6,24.9,0.0
2021-09-16,,,758,9,Thursday,,,11.4,24.1,0.0
2021-09-17,,,704,9,Friday,,,12.0,24.8,0.0
2021-09-18,,,517,9,Saturday,,,13.5,25.2,0.0
2021-09-19,,,463,9,Sunday,,,15.5,28.2,0.0
2021-09-20,,,654,9,Monday,,,15.2,26.9,0.0
2021-09-21,,,697,9,Tuesday,,0.0,16.9,24.7,0.0
2021-09-22,0.0,0.0,730,9,Wednesday,,,,,0.0
2021-09-23,,,772,9,Thursday,0.0,,,,
2021-09-24,,,703,9,Friday,,,,27.0,
2021-09-25,,,615,9,Saturday,,,12.1,28.8,0.0
2021-09-26,,,454,9,Sunday,,,16.6,26.0,0.0
2021-09-27,,,564,9,Monday,,,15.2,19.8,0.4
2021-09-28,,,702,9,Tuesday,,,13.9,21.8,0.0
2021-09-29,,,564,9,Wednesday,,,13.0,23.6,0.2
2021-09-30,,,367,9,Thursday,,,17.1,26.7,3.4
2021-10-01,,,358,10,Friday,,,15.6,27.7,15.0
2021-10-02,,,462,10,Saturday,,,12.6,28.9,8.8
2021-10-03,,,423,10,Sunday,,,14.0,30.9,0.0
2021-10-04,,,391,10,Monday,,,15.3,36.6,0.0
2021-10-05,,,767,10,Tuesday,,,15.8,31.0,0.0
2021-10-06,,,824,10,Wednesday,,,14.6,27.1,0.0
2021-10-07,,,773,10,Thursday,,,14.2,26.4,0.0
2021-10-08,,,786,10,Friday,,,16.8,29.1,0.6
2021-10-09,,,511,10,Saturday,,,17.9,27.7,0.0
2021-10-10,,,513,10,Sunday,,,19.8,28.1,0.0
2021-10-11,,,708,10,Monday,,,18.9,28.3,0.0
2021-10-12,,,487,10,Tuesday,,,16.1,22.4,35.2
2021-10-13,,,670,10,Wednesday,,1233.0,16.8,24.9,0.6
2021-10-14,3057.0,1233.0,309,10,Thursday,,2858.0,17.1,26.2,51.4
2021-10-15,4470.0,2858.0,641,10,Friday,1233.0,2553.0,18.1,30.1,0.8
2021-10-16,6329.0,2553.0,514,10,Saturday,2858.0,2716.0,12.1,27.7,0.2
2021-10-17,6217.0,2716.0,663,10,Sunday,2553.0,2616.0,12.5,27.6,0.0
2021-10-18,3315.0,2616.0,593,10,Monday,2716.0,3541.0,17.0,26.1,0.0
2021-10-19,4956.0,3541.0,748,10,Tuesday,2616.0,4062.0,14.9,28.4,18.0
2021-10-20,4747.0,4062.0,830,10,Wednesday,3541.0,3071.0,16.0,27.3,0.0
2021-10-21,4041.0,3071.0,689,10,Thursday,4062.0,2814.0,16.6,26.7,2.4
2021-10-22,4265.0,2814.0,693,10,Friday,3071.0,2554.0,18.4,26.9,9.2
2021-10-23,5130.0,2554.0,482,10,Saturday,2814.0,2764.0,20.8,29.8,0.2
2021-10-24,4760.0,2764.0,480,10,Sunday,2554.0,3073.0,20.5,33.3,2.6
2021-10-25,3815.0,3073.0,635,10,Monday,2764.0,3624.0,20.1,27.5,0.2
2021-10-26,4441.0,3624.0,757,10,Tuesday,3073.0,4185.0,20.4,27.1,1.4
2021-10-27,4693.0,4185.0,813,10,Wednesday,3624.0,3411.0,20.2,28.3,0.0
2021-10-28,4526.0,3411.0,744,10,Thursday,4185.0,,22.9,30.1,0.0
2021-10-29,,,392,10,Friday,3411.0,,22.1,29.5,0.4
2021-10-30,,,372,10,Saturday,,,20.1,33.0,0.4
2021-10-31,,,348,10,Sunday,,,19.4,23.6,12.0
2021-11-01,,,666,11,Monday,,,16.0,24.1,0.0
2021-11-02,,,783,11,Tuesday,,,17.6,25.4,0.0
2021-11-03,,,763,11,Wednesday,,,17.2,24.3,0.2
2021-11-04,,,788,11,Thursday,,,14.6,25.3,0.0
2021-11-05,,,662,11,Friday,,,17.4,25.3,0.0
2021-11-06,,,467,11,Saturday,,,17.7,25.3,1.2
2021-11-07,,,457,11,Sunday,,,20.3,27.2,0.0
2021-11-08,,,506,11,Monday,,,20.8,28.4,12.6
2021-11-09,,,765,11,Tuesday,,,21.9,29.1,2.4
2021-11-10,,,712,11,Wednesday,,2643.0,22.9,29.5,0.0
2021-11-11,3308.0,2643.0,598,11,Thursday,,1743.0,23.4,31.4,2.4
2021-11-12,3597.0,1743.0,378,11,Friday,2643.0,2541.0,22.9,29.5,26.6
2021-11-13,5680.0,2541.0,515,11,Saturday,1743.0,2729.0,17.2,27.4,0.2
2021-11-14,5593.0,2729.0,477,11,Sunday,2541.0,3624.0,12.1,28.3,0.0
2021-11-15,4091.0,3624.0,706,11,Monday,2729.0,4332.0,12.8,30.5,0.0
2021-11-16,4415.0,4332.0,843,11,Tuesday,3624.0,3905.0,16.3,29.4,0.0
2021-11-17,4144.0,3905.0,761,11,Wednesday,4332.0,3422.0,19.7,26.2,0.0
2021-11-18,3978.0,3422.0,653,11,Thursday,3905.0,3638.0,19.4,25.9,0.6
2021-11-19,4449.0,3638.0,723,11,Friday,3422.0,2608.0,16.5,27.8,0.0
2021-11-20,6193.0,2608.0,482,11,Saturday,3638.0,2653.0,18.4,30.1,0.0
2021-11-21,5029.0,2653.0,464,11,Sunday,2608.0,1726.0,22.0,27.5,0.0
2021-11-22,2663.0,1726.0,300,11,Monday,2653.0,2531.0,19.3,25.9,23.6
2021-11-23,2560.0,2531.0,472,11,Tuesday,1726.0,2158.0,19.4,26.8,13.2
2021-11-24,3193.0,2158.0,444,11,Wednesday,2531.0,1882.0,20.2,27.5,121.0
2021-11-25,2408.0,1882.0,383,11,Thursday,2158.0,1773.0,21.4,26.1,13.2
2021-11-26,3187.0,1773.0,376,11,Friday,1882.0,2099.0,22.8,28.6,9.8
2021-11-27,4725.0,2099.0,410,11,Saturday,1773.0,2598.0,21.9,27.7,0.2
2021-11-28,5189.0,2598.0,488,11,Sunday,2099.0,3436.0,20.8,28.1,0.0
2021-11-29,3621.0,3436.0,678,11,Monday,2598.0,,21.0,27.0,0.0
2021-11-30,,,166,11,Tuesday,3436.0,,20.5,23.0,30.2
2021-12-01,,,253,12,Wednesday,,,20.8,26.7,75.4
2021-12-02,,,620,12,Thursday,,,21.8,29.5,5.2
2021-12-03,,,680,12,Friday,,,21.2,30.4,
2021-12-04,,,488,12,Saturday,,,20.4,30.1,
2021-12-05,,,393,12,Sunday,,,18.9,27.9,
2021-12-06,,,609,12,Monday,,,18.6,28.1,
2021-12-07,,,725,12,Tuesday,,,20.2,28.4,
2021-12-08,,,611,12,Wednesday,,,21.7,29.3,
2021-12-09,,,578,12,Thursday,,,19.6,32.0,
2021-12-10,,,611,12,Friday,,,20.0,31.5,17.8
2021-12-11,,,462,12,Saturday,,,17.7,30.1,
2021-12-12,,,482,12,Sunday,,,20.4,28.1,0.0
2021-12-13,,,682,12,Monday,,1986.0,19.9,27.9,0.0
2021-12-14,3271.0,1986.0,706,12,Tuesday,,3676.0,19.3,31.1,0.0
2021-12-15,4215.0,3676.0,699,12,Wednesday,1986.0,3332.0,18.7,30.5,0.0
2021-12-16,4186.0,3332.0,685,12,Thursday,3676.0,2807.0,19.9,31.1,0.0
2021-12-17,4053.0,2807.0,546,12,Friday,3332.0,2197.0,20.9,29.8,0.0
2021-12-18,5860.0,2197.0,410,12,Saturday,2807.0,2335.0,20.4,29.7,1.6
2021-12-19,5497.0,2335.0,398,12,Sunday,2197.0,2777.0,19.2,29.7,0.0
2021-12-20,3987.0,2777.0,562,12,Monday,2335.0,3091.0,21.7,33.3,0.0
2021-12-21,4227.0,3091.0,573,12,Tuesday,2777.0,2924.0,23.2,32.5,0.0
2021-12-22,4211.0,2924.0,548,12,Wednesday,3091.0,2274.0,22.2,31.5,0.0
2021-12-23,3403.0,2274.0,463,12,Thursday,2924.0,1838.0,21.2,31.1,0.0
2021-12-24,2925.0,1838.0,320,12,Friday,2274.0,796.0,22.5,31.6,17.0
2021-12-25,2190.0,796.0,130,12,Saturday,1838.0,1661.0,22.8,30.0,0.0
2021-12-26,4216.0,1661.0,280,12,Sunday,796.0,1970.0,20.8,28.4,7.6
2021-12-27,4644.0,1970.0,351,12,Monday,1661.0,910.0,21.3,28.9,0.0
2021-12-28,3073.0,910.0,224,12,Tuesday,1970.0,1311.0,19.6,25.7,14.6
2021-12-29,3875.0,1311.0,397,12,Wednesday,910.0,2341.0,19.1,26.9,0.0
2021-12-30,5135.0,2341.0,416,12,Thursday,1311.0,2074.0,17.8,27.7,0.0
2021-12-31,5888.0,2074.0,386,12,Friday,2341.0,,18.9,25.6,0.0
